;Russia;;Belarus;;United States;;China;;Estonia;;Latvia;;Lithuania;;Taiwan;;Norway;;Switzerland;;Sweden;;Denmark;;Finland;;Germany;;France;;Spain;;Austria;;Italy;;Australia;;Singapore;;Poland;;Czech Republic;;Slovakia;;Slovenia;;Netherlands;;United Kingdom;;Ireland;;Japan;;Croatia;;Israel;;Puerto Rico;;Afghanistan;;Korea Republic of;;Azerbaijan;;Cyprus;;Greece;;Viet Nam;;Serbia;;Tanzania: Mainland;;Uzbekistan;;Iran (Islamic Republic of);;Hungary;;India;;Canada;;Brazil;;Mexico;;Argentina;;Chile;;Belgium;;Austria;;Denmark;;Finland;;France;;Germany;;Greece;;Ireland;;Italy;;Luxembourg;;Netherlands;;Portugal;;Spain;;Sweden;;United Kingdom;;Bulgaria;;Croatia;;Cyprus;;Czech Republic;;Estonia;;Hungary;;Latvia;;Lithuania;;Malta;;Poland;;Romania;;Slovakia;;Slovenia;
;RUS;;BLR;;USA;;CHN;;EST;;LVA;;LTU;;TWN;;NOR;;CHE;;SWE;;DNK;;FIN;;DEU;;FRA;;ESP;;AUT;;ITA;;AUS;;SGP;;POL;;CZE;;SVK;;SVN;;NLD;;GBR;;IRL;;JPN;;HRV;;ISR;;PRI;;AFG;;KOR;;AZE;;CYP;;GRC;;VNM;;SRB;;TZA;;UZB;;IRN;;HUN;;IND;;CAN;;BRA;;MEX;;ARG;;CHL;;BEL;;AUT;;DNK;;FIN;;FRA;;DEU;;GRC;;IRL;;ITA;;LUX;;NLD;;PRT;;ESP;;SWE;;GBR;;BGR;;HRV;;CYP;;CZE;;EST;;HUN;;LVA;;LTU;;MLT;;POL;;ROM;;SVK;;SVN;
;PC;GDP;PC;GDP;PC;GDP;PC;GDP;PC;GDP;PC;GDP;PC;GDP;PC;GDP;PC;GDP;PC;GDP;PC;GDP;PC;GDP;PC;GDP;PC;GDP;PC;GDP;PC;GDP;PC;GDP;PC;GDP;PC;GDP;PC;GDP;PC;GDP;PC;GDP;PC;GDP;PC;GDP;PC;GDP;PC;GDP;PC;GDP;PC;GDP;PC;GDP;PC;GDP;PC;GDP;PC;GDP;PC;GDP;PC;GDP;PC;GDP;PC;GDP;PC;GDP;PC;GDP;PC;GDP;PC;GDP;PC;GDP;PC;GDP;PC;GDP;PC;GDP;PC;GDP;PC;GDP;PC;GDP;PC;GDP;PC;GDP;PC;GDP;PC;GDP;PC;GDP;PC;GDP;PC;GDP;PC;GDP;PC;GDP;PC;GDP;PC;GDP;PC;GDP;PC;GDP;PC;GDP;PC;GDP;PC;GDP;PC;GDP;PC;GDP;PC;GDP;PC;GDP;PC;GDP;PC;GDP;PC;GDP;PC;GDP;PC;GDP;PC;GDP;PC;GDP;PC;GDP;PC;GDP
1996;24.7;2643.929199;33.5;1427.268964;91.7;29967.71272;37.9;713.3373878;74.1;3380.926302;62;2360.171482;69.2;2340.67546;81.3;13588.306;98.9;37321.9742;96.7;48092.6433;97.8;33022.24448;98.3;35621.98781;97.2;25756.67771;94.5;30599.7891;88.4;26757.63515;86.2;16100.62158;95;29645.94513;80.7;23122.93372;93.4;22055.83849;92.8;26232.8661;78;4163.511954;79.6;6573.196431;70.3;5247.70081;84;10796.73994;99.4;29063.62365;93.9;24503.38296;92.3;20835.89771;85.7;39150.03963;42.3;5299.641054;78.5;20224.27891;79.1;12173.16369;0.5;0;71.9;13864.93765;8.7;409.1855438;82.9;15139.2207;76.9;13432.52622;36.8;337.0512318;14.8;3053.905169;28.5;313.6583862;9.8;597.332287;27.4;1914.781213;81.8;4542.012038;50;401.0467547;95.6;21296.97235;59.8;5179.13052;44.5;4674.367927;61.5;7663.212713;86.8;5333.504387;91.2;27489.55518;95;29645.94513;98.3;35621.98781;97.2;25756.67771;88.4;26757.63515;94.5;30599.7891;76.9;13432.52622;92.3;20835.89771;80.7;23122.93372;96.1;50444.35912;99.4;29063.62365;89;12185.0914;86.2;16100.62158;97.8;33022.24448;93.9;24503.38296;52.1;1470.192593;42.3;5299.641054;82.9;15139.2207;79.6;6573.196431;74.1;3380.926302;81.8;4542.012038;62;2360.171482;69.2;2340.67546;82.4;10061.85019;78;4163.511954;53.8;1633.010644;70.3;5247.70081;84;10796.73994
1998;23.6;1834.861816;34;1511.325316;91.7;32853.67695;35.7;835.0953486;78.5;4093.392477;66.4;2893.799987;69.2;3180.644986;81.3;12767.078;97.2;34803.46341;97.8;42680.58673;96.7;30605.36691;98.9;33346.48843;100;25999.98617;93.4;27395.94406;87.9;24869.40308;86.2;15382.33486;92.8;27212.46429;80.2;22365.18376;94.5;21516.04031;91.2;21829.27378;76.3;4533.535655;77.4;6526.596358;71.9;5560.916178;85.7;11131.56666;99.4;27924.28181;95;28396.35235;92.3;24294.85477;83.5;32423.75561;46.1;5712.589857;75.2;20188.81415;79.6;14304.40499;0;0;70.3;8583.435575;13.7;561.9068079;82.9;15092.82813;79.1;13022.96488;35.1;361.3509284;8.2;2775.47373;32.4;386.3784485;8.7;621.0489043;29.1;1709.193341;81.8;4751.773243;50;413.6308641;96.1;21024.58507;56.5;5105.892462;52.7;5832.69342;58.2;8218.992128;82.4;5419.824173;89.5;25338.44329;92.8;27212.46429;98.9;33346.48843;100;25999.98617;87.9;24869.40308;93.4;27395.94406;79.1;13022.96488;92.3;24294.85477;80.2;22365.18376;95.6;47445.38108;99.4;27924.28181;88.4;12199.20639;86.2;15382.33486;96.7;30605.36691;95;28396.35235;60.9;1820.448664;46.1;5712.589857;82.9;15092.82813;77.4;6526.596358;78.5;4093.392477;81.8;4751.773243;66.4;2893.799987;69.2;3180.644986;84.6;10408.11574;76.3;4533.535655;51.6;1852.554969;71.9;5560.916178;85.7;11131.56666
2000;22.5;1771.594116;27.4;1276.288034;92.3;36329.95607;37.9;969.1995137;79.6;4070.609024;64.2;3278.178964;68.1;3300.636349;80.2;14844.238;95.6;38178.23688;98.3;38865.02194;97.8;29632.58908;98.9;30722.02518;100;24335.92251;93.4;23925.85599;89;22340.59395;88.4;14743.2671;92.8;24487.29747;81.3;20190.00356;94.5;21908.9968;91.7;23852.83895;74.1;4520.641004;71.4;6062.921528;71.9;5421.644844;80.7;10135.72191;99.4;26225.16977;93.9;28383.87611;91.2;26334.56721;85.1;39169.35957;61.5;4953.651588;75.8;21706.51941;81.8;16192.12697;0;174.9309914;72.5;12710.29958;14.2;655.0972496;83.5;14388.35254;79.1;11638.20107;37.3;404.0297841;9.3;974.7254693;34;401.6981506;6;555.1492311;31.3;1650.013858;82.4;4629.917608;49.4;442.7502189;95;24271.00206;59.8;3766.547863;56;7524.027138;57.1;7637.014892;85.7;5052.992458;90.6;23098.88651;92.8;24487.29747;98.9;30722.02518;100;24335.92251;89;22340.59395;93.4;23925.85599;79.1;11638.20107;91.2;26334.56721;81.3;20190.00356;97.2;48659.59888;99.4;26225.16977;86.2;11526.37207;88.4;14743.2671;97.8;29632.58908;93.9;28383.87611;59.3;1621.262107;61.5;4953.651588;83.5;14388.35254;71.4;6062.921528;79.6;4070.609024;82.4;4629.917608;64.2;3278.178964;68.1;3300.636349;84.6;10348.48589;74.1;4520.641004;48.3;1659.929049;71.9;5421.644844;80.7;10135.72191
2002;29.3;2377.529541;25;1479.380663;91.3;37997.75966;30.9;1163.559577;80.4;5343.183108;69.5;4003.609358;71.1;4148.130915;81.5;13651.355;95.6;43170.55717;97.8;42458.73847;98.3;29957.77767;99.4;33257.16226;100;26989.38926;93.4;25486.5942;86.4;24144.5727;88;17111.06851;94.5;26334.86222;79.3;22451.39644;94;20335.09602;91.8;22159.83737;71.7;5223.45179;79.8;8101.260186;70.1;6554.628084;80.9;11639.12978;96.1;29446.53309;92.9;30158.70178;92.3;32705.43456;83.1;32820.79364;65.7;6219.581641;75.5;19076.45843;82;18731.45939;1;178.9540884;75;13642.94245;18.4;763.1088955;84.7;16093.21582;77.1;13782.19564;32.6;445.1328618;31.5;2390.734594;36.4;402.6490479;7;381.4092969;26.6;1891.257561;82.6;6658.044943;46.1;469.149929;95.1;24256.01923;59.2;2855.940171;56.5;7983.033984;41.8;2569.699635;88.5;4430.847412;90.7;25006.1914;94.5;26334.86222;99.4;33257.16226;100;26989.38926;86.4;24144.5727;93.4;25486.5942;77.1;13782.19564;92.3;32705.43456;79.3;22451.39644;98.9;53005.73392;96.1;29446.53309;89.1;12936.69282;88;17111.06851;98.3;29957.77767;92.9;30158.70178;60.3;2092.982886;65.7;6219.581641;84.7;16093.21582;79.8;8101.260186;80.4;5343.183108;82.6;6658.044943;69.5;4003.609358;71.1;4148.130915;84.2;11251.20253;71.7;5223.45179;53.8;2119.855097;70.1;6554.628084;80.9;11639.12978
2003;29.3;2975.123047;26.6;1819.526531;89.6;39490.27496;30.4;1306.972454;82;7205.407033;71.1;4914.579928;76.6;5507.474342;81.5;14040.597;95.6;50250.32982;97.2;49335.74563;98.9;37292.24197;99.4;40519.09749;100;32920.08572;92.9;30711.10225;88;29479.52221;89.1;21522.0171;94;32110.11597;76;27577.57003;94.5;23757.58985;91.8;23730.38401;70.6;5720.813662;78.8;9852.456779;71.7;8675.396337;79.8;14711.67487;96.7;35896.75046;93.4;34556.77261;92.3;41203.52958;84.2;35387.03742;66.8;8190.111352;73.9;19643.46904;79.3;19557.12025;1;198.8711157;72.8;15211.54838;20.1;883.6925807;83.1;20252.24609;77.1;18020.61204;33.6;497.1170892;34.7;3153.901131;33.1;422.1835938;7;394.1640289;23.9;2208.996366;80.9;8410.092482;46.1;544.1431335;95.1;28301.86459;58.6;3090.606891;57;7434.074649;48.9;3320.477751;86.9;4773.401775;91.3;30655.20927;94;32110.11597;99.4;40519.09749;100;32920.08572;88;29479.52221;92.9;30711.10225;77.1;18020.61204;92.3;41203.52958;76;27577.57003;96.1;65689.32145;96.7;35896.75046;88.5;15797.78213;89.1;21522.0171;98.9;37292.24197;93.4;34556.77261;60.8;2719.494369;66.8;8190.111352;83.1;20252.24609;78.8;9852.456779;82;7205.407033;80.9;8410.092482;71.1;4914.579928;76.6;5507.474342;84.7;13593.97872;70.6;5720.813662;52.7;2679.40626;71.7;8675.396337;79.8;14711.67487
2004;26.7;4102.364746;23.2;2378.337005;90.9;41724.63163;28.7;1530.927262;84.8;8916.072827;71.2;6109.732652;76.2;6734.574871;85.8;15290.307;95.9;57768.6981;97.4;54659.45715;98.4;42758.00486;99.4;46625.0501;100;37768.13342;93.4;34566.73591;90.4;33644.92822;87.3;24925.02678;95.4;36614.25065;75.7;31348.19018;94.9;30886.05009;92.9;27608.08001;68.6;6711.727153;80.3;11782.55467;76.7;10650.12901;82.3;17103.82978;96.9;40611.34144;93.9;40504.41181;91.9;47754.20232;88.3;38298.98017;69.1;9718.973228;74.2;20568.06941;79.2;20988.99233;2.5;221.7636539;78.2;17121.63016;17.6;1045.013633;84.3;23792.61914;80.8;21449.25528;27.2;565.4522846;37.3;3597.087981;33.3;450.3852844;6;462.1714929;19.1;2672.422665;82.8;10291.26947;48.9;624.2588265;94.4;32145.54126;54.5;3663.822625;55;7849.667596;47.9;4242.020991;89.8;6120.591521;91.4;35429.40779;95.4;36614.25065;99.4;46625.0501;100;37768.13342;90.4;33644.92822;93.4;34566.73591;80.8;21449.25528;91.9;47754.20232;75.7;31348.19018;96.4;76544.91709;96.9;40611.34144;88.8;18064.15809;87.3;24925.02678;98.4;42758.00486;93.9;40504.41181;59.5;3389.687434;69.1;9718.973228;84.3;23792.61914;80.3;11782.55467;84.8;8916.072827;82.8;10291.26947;71.2;6109.732652;76.2;6734.574871;85.3;15212.13134;68.6;6711.727153;52;3494.990564;76.7;10650.12901;82.3;17103.82978
2005;24.6;5323.455078;22.6;3126.071767;89.9;44123.40707;26.6;1777.644968;81.9;10414.63812;70.3;7283.787381;74.8;7857.031488;83.9;16427.459;97.9;67047.17046;97.4;56242.89336;96.4;43378.40774;98.9;48925.80767;100;39049.87038;93.4;35084.43635;88.9;34696.37183;84.4;26450.95301;95.9;38157.37023;72.8;32062.72383;94.9;34535.20727;92.4;29961.31728;69.3;8043.923323;80.4;13442.49163;75.8;11641.54103;78.3;17969.70959;96.9;42165.39617;92.9;42240.2463;93.9;50933.02161;86.9;37812.89502;65.3;10443.52784;71.3;21286.83886;82.4;21959.3227;2.5;254.1842491;76.3;20167.04749;19.5;1578.36733;83.4;24959.26172;74.3;22054.13158;34.1;710.74676;33.1;3807.974173;38.6;483.3348694;3.5;542.8358087;19;3132.050819;80.9;11212.2047;49.2;710.4880804;95.4;36383.66001;52.2;4827.781659;53.7;8671.758919;50.2;5067.653423;89.4;7480.32331;91.4;36809.70134;95.9;38157.37023;98.9;48925.80767;100;39049.87038;88.9;34696.37183;93.4;35084.43635;74.3;22054.13158;93.9;50933.02161;72.8;32062.72383;94.4;80988.13762;96.9;42165.39617;85.4;18780.12751;84.4;26450.95301;96.4;43378.40774;92.9;42240.2463;58.7;3899.825963;65.3;10443.52784;83.4;24959.26172;80.4;13442.49163;81.9;10414.63812;80.9;11212.2047;70.3;7283.787381;74.8;7857.031488;84.9;15831.34405;69.3;8043.923323;53.2;4618.003508;75.8;11641.54103;78.3;17969.70959
2006;22.5;6920.199707;18.5;3848.223503;89;46302.00088;25.5;2129.25697;84.5;12641.4801;72.5;9211.737447;73;9210.101182;80.5;16892.883;97.5;74434.49968;98.5;59011.03246;98;46531.37622;100;52119.1788;99.5;41214.01878;93.5;36980.33499;88.5;36431.56589;83;28421.68653;95.5;40382.20783;72;33537.1287;94.5;36658.82435;92.5;33768.45282;67;9068.855283;79;15259.07882;77.5;13167.89547;81.5;19563.00506;96;45123.54324;93;44695.16102;94;54329.16186;88;35991.546;64;11501.20997;71.5;22527.26198;75.5;22935.94116;1.5;274.2185536;76;22609.70594;19.5;2472.957257;86;26729.28125;75;24416.0233;33.5;807.7566451;44.5;4492.71367;44;475.7467346;3.5;649.118167;14.5;3618.916014;81;11478.48916;52.5;801.6683537;95;40504.0371;52;5934.145619;53;9512.635753;51;5869.38029;89.5;9318.656553;90;38705.1068;95.5;40382.20783;100;52119.1788;99.5;41214.01878;88.5;36431.56589;93.5;36980.33499;75;24416.0233;94;54329.16186;72;33537.1287;97;90788.80049;96;45123.54324;84;19839.45405;83;28421.68653;98;46531.37622;93;44695.16102;60.5;4523.146558;64;11501.20997;86;26729.28125;79;15259.07882;84.5;12641.4801;81;11478.48916;72.5;9211.737447;73;9210.101182;86.5;16653.60369;67;9068.855283;55;5757.531273;77.5;13167.89547;81.5;19563.00506
2007;23.8;9101.239258;18.9;4735.481076;88.5;48050.22378;26.8;2734.727099;84.5;16745.4308;72.1;13370.97895;73.1;12295.12128;80.5;17723.704;96.5;85502.26771;98;64989.15533;99;53568.30578;100;58631.65664;99.5;48473.02401;94;42350.92172;89.5;41486.19078;83;32652.01559;97;46622.96229;71.1;37826.17546;95;41128.24766;93.5;39432.88602;69.1;11272.52937;77.6;18452.65328;75.6;16110.48173;82.5;23725.1596;96;52100.79963;92;50629.07992;93;61396.41746;85.5;35779.02454;65.1;13755.83211;70.6;25721.25941;73.6;23664.88235;1.4;376.223152;80;25078.4854;20.8;3851.330152;86.5;31244.87891;74.1;28440.76253;33.8;925.6403383;46.7;6081.087657;42.2;543.1983032;6.4;824.0281923;14.4;4687.991663;78.1;13934.60546;51.7;1021.887077;94.5;44660.08389;51.2;7409.690038;49.2;10134.33271;50.7;7185.251551;89;10346.41382;90;44319.16545;97;46622.96229;100;58631.65664;99.5;48473.02401;89.5;41486.19078;94;42350.92172;74.1;28440.76253;93;61396.41746;71.1;37826.17546;97.5;107475.3203;96;52100.79963;84;22811.05648;83;32652.01559;99;53568.30578;92;50629.07992;60.6;5888.570814;65.1;13755.83211;86.5;31244.87891;77.6;18452.65328;84.5;16745.4308;78.1;13934.60546;72.1;13370.97895;73.1;12295.12128;87.5;19444.1742;69.1;11272.52937;55.7;8360.337759;75.6;16110.48173;82.5;23725.1596
2008;23.6;11635.28418;21.6;6376.175692;90.1;48570.04598;28;3523.443021;84.2;18205.90641;68.9;15677.60809;70.4;14955.53455;81.7;18053.591;97;97503.54078;98;74175.19279;99;55817.17597;100;64616.66576;99.5;53769.47262;93.1;46379.1648;89.1;45464.81814;83.2;35603.24833;96.5;51581.39824;71.4;40828.57956;95.5;49811.20672;94;40008.57205;74.3;14048.56047;79.8;22774.70451;76.8;18744.31923;82.7;27461.97642;96;58246.70269;91.6;47652.40307;93.5;61353.10656;86.2;39876.30397;65.5;15888.06069;72.9;30269.21777;73.8;24898.33459;0.4;381.733238;75.3;22252.31251;21.1;5574.468104;87.6;35397.29688;69.4;31695.83311;34.4;1163.831958;46.7;7376.735179;40.3;675.9772339;7.3;1074.729288;11.8;5377.411507;77.3;15762.63225;50.7;992.5195849;94.5;46710.25269;54.1;8908.333385;49.2;10523.76854;47.2;8944.110266;87.1;10683.21888;89.6;48303.39796;96.5;51581.39824;100;64616.66576;99.5;53769.47262;89.1;45464.81814;93.1;46379.1648;69.4;31695.83311;93.5;61353.10656;71.4;40828.57956;97.5;120422.1379;96;58246.70269;85.2;24949.04136;83.2;35603.24833;99;55817.17597;91.6;47652.40307;59.6;7271.303389;65.5;15888.06069;87.6;35397.29688;79.8;22774.70451;84.2;18205.90641;77.3;15762.63225;68.9;15677.60809;70.4;14955.53455;88.1;22315.31042;74.3;14048.56047;56.1;10435.15612;76.8;18744.31923;82.7;27461.97642
2009;20.3;8562.824219;21.3;5352.488092;87.3;47194.94335;29.6;3898.244592;83;14712.44942;69.4;11996.03227;71.3;11854.37111;82;16904.543;97;80347.57007;97.5;71568.31239;98.5;46707.6425;100;58412.74724;99.5;47478.34953;93.6;42471.88686;88.3;41728.08842;81;32279.82085;94.6;47857.44466;68.4;37099.6134;94.1;42954.84949;93.2;38926.80544;74.2;11556.30269;79.6;19817.42158;71.8;16586.75278;82.5;24501.78973;96.1;53172.02616;89.8;39009.37155;91.7;52133.09062;88.8;41308.99684;64.5;14474.65198;68.9;28508.49389;69.9;25768.72589;0.9;452.0537055;77.1;19937.30291;21.8;4950.39949;85.9;32236.44922;66.9;29425.45732;33;1226.169761;45.6;6414.044846;42.7;693.8235474;5.8;1205.799355;7.2;5415.522806;73.7;13051.18318;48;1094.949746;95.6;40874.88319;56.7;8678.658473;49.5;8423.569332;43.2;8150.23527;89.3;10098.80172;92.7;44923.34001;94.6;47857.44466;100;58412.74724;99.5;47478.34953;88.3;41728.08842;93.6;42471.88686;66.9;29425.45732;91.7;52133.09062;68.4;37099.6134;98;109419.747;96.1;53172.02616;85.4;23151.21541;81;32279.82085;98.5;46707.6425;89.8;39009.37155;59.2;6988.273163;64.5;14474.65198;85.9;32236.44922;79.6;19817.42158;83;14712.44942;73.7;13051.18318;69.4;11996.03227;71.3;11854.37111;86.4;21176.32183;74.2;11556.30269;55.8;8548.454341;71.8;16586.75278;82.5;24501.78973
2010;20.3;10674.99023;18.4;6034.678852;87.8;48642.61002;26.6;4629.245517;84.9;14663.7041;72.3;11188.41917;73.7;11829.12261;83.9;19181.358;97.5;88163.20859;97;76531.37294;98.5;52542.57591;99.5;58104.54456;100;46506.2919;93.6;42396.9666;88.8;40694.82117;79.6;30658.74223;95.6;46611.13934;68.4;35856.86255;95.1;52313.8939;94.1;47236.68308;77.6;12567.73177;77.1;20160.43551;71.3;16899.44868;80;23329.84177;96.1;51305.73385;90.7;39778.32205;90.2;48623.96664;89.8;44968.15623;65.5;13729.7655;70.3;31439.0887;69.9;26414.88106;0.4;560.6215055;76.2;24071.26205;19.4;5843.533768;86.8;31105.02734;64.5;26653.0488;32.5;1683.161824;46.1;5970.926609;39.3;736.5301514;5.3;1753.207302;9.2;6291.194437;70.8;13189.84339;47.5;1347.519391;94.6;47560.6666;57.7;11403.284;45.6;9728.800784;47;10260.13131;89.3;12632.87047;91.2;44197.39367;95.6;46611.13934;99.5;58104.54456;100;46506.2919;88.8;40694.82117;93.6;42396.9666;64.5;26653.0488;90.2;48623.96664;68.4;35856.86255;98;110885.9914;96.1;51305.73385;81.5;22551.9351;79.6;30658.74223;98.5;52542.57591;90.7;39778.32205;55.3;6853.948055;65.5;13729.7655;86.8;31105.02734;77.1;20160.43551;84.9;14663.7041;70.8;13189.84339;72.3;11188.41917;73.7;11829.12261;86.4;21946.60696;77.6;12567.73177;57.2;8399.537423;71.3;16899.44868;80;23329.84177
2011;22.1;14305.33203;19.2;6527.659343;87.9;50024.8688;32.6;5703.76028;86;17555.54552;68.7;12902.57405;73.5;14261.84338;83.6;20838.589;97.5;101221.8135;97.1;90476.75897;98.5;60379.48146;99;61809.7379;100;51060.32426;93.2;47630.97619;86.5;43929.78409;80.7;31824.62191;94.7;51116.89535;66.8;38432.37428;95.6;62799.3895;94.2;53891.45703;78.3;13867.66694;77.8;22049.10808;70.6;18469.43543;79.3;24940.62848;96.6;54701.7728;89.9;42295.92738;89.4;52613.85404;90.3;48760.07895;64.4;14691.5583;73;34522.5216;68.2;27170.07665;0.4;606.6946763;78.8;26175.23986;19.7;7189.818692;85.5;32485.79883;63.4;25504.78665;35;1950.925042;47.5;7082.286167;41.3;775.3927612;5.7;2087.863861;12.9;8025.687434;71.1;14211.46056;42.7;1445.461275;95.1;52223.85884;58.6;13396.62632;46.6;10664.4944;49.5;12704.28318;87;14487.39278;91.3;47760.82988;94.7;51116.89535;99;61809.7379;100;51060.32426;86.5;43929.78409;93.2;47630.97619;63.4;25504.78665;89.4;52613.85404;66.8;38432.37428;98;119025.0572;96.6;54701.7728;80.2;23246.54254;80.7;31824.62191;98.5;60379.48146;89.9;42295.92738;54.3;7849.580613;64.4;14691.5583;85.5;32485.79883;77.8;22049.10808;86;17555.54552;71.1;14211.46056;68.7;12902.57405;73.5;14261.84338;84.6;23516.96912;78.3;13867.66694;57.2;9560.675528;70.6;18469.43543;79.3;24940.62848
2012;18.2;15401.85156;24;6953.215917;88.4;51708.40116;30.2;6405.057424;86;17568.2138;69.7;13329.34999;74.5;14288.18535;84.1;21256.361;98.5;102175.9193;97.5;85836.20768;99.5;57749.56154;98;58443.77471;100;47551.67408;94.2;44718.01592;87.5;40863.58144;80.7;28456.44382;93.2;48250.40591;67.3;34854.39494;95.6;68301.44025;94.7;55547.55531;79.8;13087.42094;75.4;20014.0354;72.1;17516.96911;76.9;22442.14179;96.6;50473.9442;90.3;42688.32637;90.8;49335.84081;89.4;49145.28043;63.9;13507.78053;71.6;33321.43009;73;27742.02448;0.4;651.4171345;78.3;26600.54774;19.2;7495.865277;84.6;28991.93555;61;21624.34605;33.1;2185.117677;46.6;6263.040861;35.5;861.9699097;9.1;2307.346491;13.4;8114.080998;69.2;12950.15945;42.7;1429.321995;95.1;52670.34473;58.1;12521.72385;46.1;10744.13352;45.1;12949.71749;87;15241.907;91.3;44874.17092;93.2;48250.40591;98;58443.77471;100;47551.67408;87.5;40863.58144;94.2;44718.01592;61;21624.34605;90.8;49335.84081;67.3;34854.39494;97.1;112584.6763;96.6;50473.9442;80.2;20593.42742;80.7;28456.44382;99.5;57749.56154;90.3;42688.32637;55.7;7431.957895;63.9;13507.78053;84.6;28991.93555;75.4;20014.0354;86;17568.2138;69.2;12950.15945;69.7;13329.34999;74.5;14288.18535;85.5;22878.31309;79.8;13087.42094;55.2;8929.953662;72.1;17516.96911;76.9;22442.14179
2013;20.6;15941.44824;25.4;7998.080205;87.9;53179.01276;31.2;7147.035186;86;19310.38749;72.5;14484.47153;75.9;15636.52526;83.6;21945.46;99.5;103553.8401;97.5;87304.33058;98;60843.98888;98.5;61377.59406;100;49691.01452;94.2;47206.83535;87.5;42669.17951;76.4;29228.84656;93.2;50305.35458;66.8;35701.6746;94.7;68476.67885;95.1;56967.42579;79.3;13621.90238;76.9;20260.4955;69.7;18312.78051;75.4;23236.96553;96.6;52602.28605;90.3;43606.98379;91.3;52537.61086;89.9;40898.6479;64.4;14134.9475;70.6;37034.31611;68.7;28212.04997;0.4;637.0870991;79.8;28449.35911;24.5;7875.345367;83.1;27764.73047;62.5;21573.34498;33.6;2359.517365;50;7040.418121;35.5;963.0571289;10.5;2461.979474;12.9;6222.741948;69.2;13739.46202;43.2;1432.843975;95.6;52638.11872;55.7;12458.89034;46.6;11216.80085;45.1;12963.67577;87;15683.54864;91.8;46964.59468;93.2;50305.35458;98.5;61377.59406;100;49691.01452;87.5;42669.17951;94.2;47206.83535;62.5;21573.34498;91.3;52537.61086;66.8;35701.6746;97.1;120000.1407;96.6;52602.28605;80.2;21676.48596;76.4;29228.84656;98;60843.98888;90.3;43606.98379;53.8;7795.980921;64.4;14134.9475;83.1;27764.73047;76.9;20260.4955;86;19310.38749;69.2;13739.46202;72.5;14484.47153;75.9;15636.52526;85.5;25415.55669;79.3;13621.90238;58.6;9497.674116;69.7;18312.78051;75.4;23236.96553
2014;27.4;14055.47266;30.7;8341.318093;88.4;54973.42075;35.5;7781.065975;88.9;20581.7899;74;15185.81458;77.8;16446.16472;87;22844.316;98.5;97666.69518;100;88724.99094;97.1;59583.45845;97.5;62520.45097;99;50073.77608;94.7;48959.59912;87.5;43148.04593;75.9;29707.76551;93.7;51314.97226;66.3;36028.3494;95.6;62817.20618;94.2;57564.80231;82.6;14262.28419;79.8;20038.41632;71.6;18770.92899;77.4;24013.06821;96.6;53457.22349;91.3;47746.24218;92.7;57214.53798;91.8;38475.39525;64.9;14186.72955;72.1;38343.30466;70.6;28576.0988;3.3;625.0549418;78.3;30667.09125;23.5;7890.840281;81.2;26993.10352;61;21474.72571;36;2546.384645;55.2;6886.678091;33.1;1022.748413;12;2674.962838;13.4;5672.063729;67.7;14352.50188;43.2;1553.883961;95.1;50960.84312;53.8;12274.99416;39.4;11391.37735;40.8;12233.14441;87.9;14529.67672;89.9;47995.7787;93.7;51314.97226;97.5;62520.45097;99;50073.77608;87.5;43148.04593;94.7;48959.59912;61;21474.72571;92.7;57214.53798;66.3;36028.3494;98;123678.7021;96.6;53457.22349;81.7;22120.68501;75.9;29707.76551;97.1;59583.45845;91.3;47746.24218;54.3;8069.600057;64.9;14186.72955;81.2;26993.10352;79.8;20038.41632;88.9;20581.7899;67.7;14352.50188;74;15185.81458;77.8;16446.16472;85;27424.57656;82.6;14262.28419;59.6;10031.77108;71.6;18770.92899;77.4;24013.06821
2015;23;9277.713867;31.2;5967.055951;87.9;56572.9189;35.5;8175.332851;87.5;17722.15577;74;13321.97531;78.3;14269.80399;86.5;22752.991;99;74809.9658;98.5;83806.4476;97.1;51188.16521;97.5;53094.01336;99.5;42560.34568;94.7;41929.75491;86;36702.43237;75.9;25982.44162;93.2;43915.22802;64.9;30639.88298;94.2;56970.3613;95.1;55645.60686;79.3;12637.52203;79.8;17931.59877;69.2;16442.07609;76.9;20697.27485;96.6;45793.81354;92.7;45255.34492;91.8;64250.13852;90.8;34960.63938;61.5;12283.78406;73.5;36213.10415;69.7;29242.04147;3.3;565.5697304;75;30171.79065;25.9;5500.503646;77.8;23088.44141;60;17980.72982;39.4;2577.568853;54.3;5820.321558;34.6;939.1273193;11;2803.19018;17.3;4952.733555;65.3;12782.94126;49;1583.998159;95.6;43594.1941;48;8936.195589;36;10021.23861;45.1;13679.6265;85;13433.9203;89.4;40893.80454;93.2;43915.22802;97.5;53094.01336;99.5;42560.34568;86;36702.43237;94.7;41929.75491;60;17980.72982;91.8;64250.13852;64.9;30639.88298;98;105462.0126;96.6;45793.81354;83.6;19215.7813;75.9;25982.44162;97.1;51188.16521;92.7;45255.34492;53.8;7268.654455;61.5;12283.78406;77.8;23088.44141;79.8;17931.59877;87.5;17722.15577;65.3;12782.94126;74;13321.97531;78.3;14269.80399;83.1;25529.68133;79.3;12637.52203;60.5;8977.017482;69.2;16442.07609;76.9;20697.27485
2016;25.4;8663.158203;32.2;5039.775609;87.5;57638.10184;38.4;8254.868593;87.9;18666.37365;73.5;13838.52668;78.3;14934.27028;86.5;23070.733;99;70867.361;99.5;82153.07454;97.1;51703.50883;97.5;54500.92604;98.5;43451.25624;94.2;42948.93819;85.5;37024.21571;76.9;26755.60611;93.2;45061.49939;65.3;31391.56929;94.7;50084.44406;95.1;57005.58872;74.5;12464.01105;81.2;18753.96867;71.1;16636.07691;79.3;21447.83778;96.6;46808.52915;92.3;41257.90855;91.8;64129.55715;91.3;39375.47316;62;12820.16539;76.4;37671.53891;67.7;29978.08893;2.4;522.0822156;75;30832.06281;30.2;3880.685228;78.8;24280.05664;60;17919.24264;40.8;2735.060438;52.4;5982.370301;35;953.0107422;11.5;2753.379514;18.7;5710.599471;63.9;13215.86053;50;1707.508929;96.1;42314.06158;48.5;8836.28546;37.5;9097.923977;55.7;12699.96231;83.6;13649.85205;89.4;41854.54983;93.2;45061.49939;97.5;54500.92604;98.5;43451.25624;85.5;37024.21571;94.2;42948.93819;60;17919.24264;91.8;64129.55715;65.3;31391.56929;98;106899.2935;96.6;46808.52915;82.6;19980.28089;76.9;26755.60611;97.1;51703.50883;92.3;41257.90855;55.2;7822.499233;62;12820.16539;78.8;24280.05664;81.2;18753.96867;87.9;18666.37365;63.9;13215.86053;73.5;13838.52668;78.3;14934.27028;84.1;26459.07709;74.5;12464.01105;61;9404.540059;71.1;16636.07691;79.3;21447.83778
2017;26.4;10658.91309;31.2;5785.544919;87.5;59635.09844;42.7;8979.676527;88.4;20851.52235;74;15132.49583;77.8;16800.15102;86.5;25102.094;99.5;76131.8384;98.5;82254.37693;97.1;53210.22333;97.5;57521.5515;100;46085.01747;94.7;45553.93415;86;38687.16264;75.9;28381.34256;92.7;47163.74258;67.3;32844.11566;94.2;54117.54772;95.1;61236.25127;73.5;13913.34029;82.2;20913.19763;69.2;17645.52987;79.3;23303.07771;96.6;49513.68173;91.3;40916.81151;90.3;72161.40475;90.8;38834.05293;62.9;13901.78781;75.4;41138.47096;64.4;30328.47949;2.4;525.4697709;77.4;33296.98454;27.4;4147.198142;80.7;26247.44922;61;18631.99301;40.8;2956.109921;51.4;6548.036538;34.1;986.6740112;12.9;2190.604116;18.7;6000.933464;65.8;14736.16682;50.9;1950.104683;96.1;45129.62812;46.1;10080.50787;33.1;9649.278168;56.7;14532.50093;82.6;14879.90862;87.9;44035.32394;92.7;47163.74258;97.5;57521.5515;100;46085.01747;86;38687.16264;94.7;45553.93415;61;18631.99301;90.3;72161.40475;67.3;32844.11566;98;110193.2138;96.6;49513.68173;85.5;21442.38428;75.9;28381.34256;97.1;53210.22333;91.3;40916.81151;54.3;8696.689304;62.9;13901.78781;80.7;26247.44922;82.2;20913.19763;88.4;20851.52235;65.8;14736.16682;74;15132.49583;77.8;16800.15102;84.1;30317.24432;73.5;13913.34029;60;10727.9822;69.2;17645.52987;79.3;23303.07771
2018;29.3;11211.8877;36.3;6360.037502;86;62499.87444;43.2;10085.66381;88.5;23618.13613;76.6;17252.17104;77.6;19247.23154;86.5;25888.836;99;82792.84271;99.5;85217.36915;97;54018.45544;97.5;61324.7665;100;49654.2497;94.5;48916.16866;85.5;41418.17665;79.6;30602.42129;92.5;51194.07498;69.6;34904.10819;93.5;57410.17373;95.5;66881.6067;73.6;15658.21203;81.5;23705.93298;70.1;19573.3717;81;25888.04811;96.5;53955.077;90;43702.99763;91.5;80804.11232;91;39751.1331;65.6;15460.36696;77.1;42362.66528;67.6;30679.91819;2.9;491.3372214;82.5;35363.95082;28.3;4739.794312;78.6;29120.375;64.6;19873.40152;40.7;3222.310031;51.7;7559.861657;31.8;1023.106262;16.9;1813.085308;14.4;4783.010673;66.6;16605.05705;52.7;1966.254552;95;46539.17616;44.7;9300.660729;34.8;10084.79376;57.7;11752.79989;83.5;15659.48087;87.5;47487.21004;92.5;51194.07498;97.5;61324.7665;100;49654.2497;85.5;41418.17665;94.5;48916.16866;64.6;19873.40152;91.5;80804.11232;69.6;34904.10819;98;116926.7596;96.5;53955.077;84;23541.14011;79.6;30602.42129;97;54018.45544;90;43702.99763;58.7;9849.383972;65.6;15460.36696;78.6;29120.375;81.5;23705.93298;88.5;23618.13613;66.6;16605.05705;76.6;17252.17104;77.6;19247.23154;84.5;33382.26775;73.6;15658.21203;59.7;12416.13432;70.1;19573.3717;81;25888.04811
2019;30.1;11447.70117;35.6;6837.773396;84.6;64746.45068;43;10342.90095;90;24021.25014;77.2;17294.97516;81.1;19608.79439;87.1;25992.849;99;76430.58895;99.5;84121.93103;97;51648.98928;98;59404.26632;100;48358.18078;94;47656.19974;86.1;40408.28486;79.2;29786.52457;93;49885.99474;69.3;33812.78872;93.5;55194.75851;95;65952.0379;73.2;15874.52205;81.6;24062.719;69.8;19406.05897;82.6;25814.16872;96.5;53554.90075;90.5;43158.74113;91;81827.66889;91.5;40415.95676;64.8;15563.59873;76.7;44250.63136;61.8;31830.5285;2.9;496.6025043;83.1;33826.94433;29.7;4805.753718;79.7;29227.17383;67.8;19335.3602;40;3440.900254;50.9;7755.632986;31.6;1063.32251;17.3;2041.384807;12.3;3997.493545;64.3;17012.85986;52.9;2041.428637;94.5;46352.86934;45.5;9029.833044;33.6;10369.55536;54.9;9955.974787;80.1;14495.71672;87.6;46716.62275;93;49885.99474;98;59404.26632;100;48358.18078;86.1;40408.28486;94;47656.19974;67.8;19335.3602;91;81827.66889;69.3;33812.78872;98.5;112696.6491;96.5;53554.90075;84.1;23343.3629;79.2;29786.52457;97;51648.98928;90.5;43158.74113;58.4;10353.72046;64.8;15563.59873;79.7;29227.17383;81.6;24062.719;90;24021.25014;64.3;17012.85986;77.2;17294.97516;81.1;19608.79439;78.2;32421.91798;73.2;15874.52205;60.3;12909.6104;69.8;19406.05897;82.6;25814.16872
2020;30.1;10108.32715;24.2;6542.8558;80.6;63515.94918;41.5;10627.4638;91;23933.99394;78.7;17564.23215;83.6;20428.64782;88.6;28727.743;99;68340.0181;97.5;85897.78433;97;52568.5727;99.5;60985.48856;100;48828.68469;94.5;47394.87345;86.1;39169.8606;79.7;27233.94265;94;48716.40989;69.8;32091.48666;93;51983.45237;95.5;61410.07926;72.2;16150.93048;82.1;23472.89155;72.7;19735.48583;81.1;25392.06511;96.5;53467.92774;90.5;40812.67947;92.5;86514.07061;92;40028.73417;66.8;14807.56085;73.7;44575.5719;63.8;31427.11308;2.9;510.7870634;84.6;33645.77195;29.7;4229.910649;77.2;28130.3418;68.3;17886.73317;40.5;3534.039535;49.5;8098.709557;32.1;1117.415283;19.3;1978.280519;9.9;3202.500035;67.3;16386.93088;49;1907.042516;93.5;43537.8393;45;7074.194075;33.6;8841.27075;54.4;8535.59938;78.2;13114.81547;88.1;45906.28758;94;48716.40989;99.5;60985.48856;100;48828.68469;86.1;39169.8606;94.5;47394.87345;68.3;17886.73317;92.5;86514.07061;69.8;32091.48666;98;116860.0282;96.5;53467.92774;84.1;22299.40441;79.7;27233.94265;97;52568.5727;90.5;40812.67947;55.4;10760.21198;66.8;14807.56085;77.2;28130.3418;82.1;23472.89155;91;23933.99394;67.3;16386.93088;78.7;17564.23215;83.6;20428.64782;83.1;31823.43639;72.2;16150.93048;60.8;13009.17706;72.7;19735.48583;81.1;25392.06511
2021;28.7;12425.0293;20.7;7489.718947;82.1;70205.05092;43;12887.43572;91.5;27951.16593;80.6;20261.88878;85.6;23870.45949;88.1;33238.717;99;93072.89251;98.5;93664.77367;97;60647.54164;99.5;69340.73349;100;53099.13514;94.5;52349.246;87.1;43725.09995;79.7;30799.47759;92.5;53648.6438;72.2;36852.54254;94;60758.90444;95.5;80056.12882;69.3;18635.51049;83.1;27696.46195;74.7;22123.33421;80.1;29192.84019;96.5;60141.98809;90;47691.37688;93;103783.4463;92;40094.55998;67.8;17788.78658;77.2;52270.90402;65.8;32619.07046;2.4;356.4962141;86.1;37518.46353;30.6;5408.045352;76.7;32937.83984;68.3;20654.7002;40.5;3704.193559;48.5;9680.527981;31.1;1159.856567;27.7;2258.519641;10.8;4605.148813;66.3;19030.62813;46;2239.613844;93.5;52886.66164;43.5;7972.536961;32.6;10314.05067;51.9;10738.01792;77.7;16206.83255;88.6;51658.23829;92.5;53648.6438;99.5;69340.73349;100;53099.13514;87.1;43725.09995;94.5;52349.246;68.3;20654.7002;93;103783.4463;72.2;36852.54254;97.5;134965.8154;96.5;60141.98809;84.1;24711.45101;79.7;30799.47759;97;60647.54164;90;47691.37688;58.4;12966.14575;67.8;17788.78658;76.7;32937.83984;83.1;27696.46195;91.5;27951.16593;66.3;19030.62813;80.6;20261.88878;85.6;23870.45949;78.7;38096.83607;69.3;18635.51049;60.8;14907.98037;74.7;22123.33421;80.1;29192.84019
2022;21.5;15619.61426;17.1;7994.648061;82.8;76657.24888;41.6;12970.60564;92.1;28340.38265;80.3;20221.10369;84.8;25085.78406;88.7;32909.322;97.5;109269.5206;99;94394.51068;97;54836.89072;100;67781.09409;99.5;50440.56022;93.6;50506.51796;86.2;40988.63964;79.4;30319.49872;91.6;52336.77252;73;35653.90421;95.5;65169.51911;95;90299.06946;69.1;18891.21212;86.7;28282.22367;73.5;21317.7944;80.8;28360.30415;96.5;59123.31856;90.1;47057.04323;94.6;105190.686;93.1;34065.6439;68.6;18465.54144;74;54949.62156;60.7;35353.68216;1.9;357.2611528;85.2;34822.40484;29.9;7770.594223;77.4;33231.04297;68.1;20886.52431;39.2;4147.697772;47;10024.81911;32.3;1207.52063;28.9;2578.666894;9.8;4721.204371;62.2;18428.02883;46;2347.448294;92.6;56256.80073;42.1;9281.332821;32.8;11405.79405;50;13962.18941;77.9;15405.61658;89.7;50605.74967;91.6;52336.77252;100;67781.09409;99.5;50440.56022;86.2;40988.63964;93.6;50506.51796;68.1;20886.52431;94.6;105190.686;73;35653.90421;98;123719.6589;96.5;59123.31856;81.8;24620.51976;79.4;30319.49872;97;54836.89072;90.1;47057.04323;56.3;13999.19495;68.6;18465.54144;77.4;33231.04297;86.7;28282.22367;92.1;28340.38265;62.2;18428.02883;80.3;20221.10369;84.8;25085.78406;78.4;35638.88695;69.1;18891.21212;64.2;15503.5518;73.5;21317.7944;80.8;28360.30415
2023;18.6;14159.3877;17.6;7896.753883;81.3;81032.26212;43.1;12951.17824;92.1;30264.00649;80.3;22710.26375;86.2;27786.00578;90.1;32336.502;98;87497.21796;98.5;100623.5496;96.5;54950.28347;100;68043.5467;99.5;52834.29168;92.6;54776.76682;85.2;44700.13842;78.9;33493.22254;91.6;56579.50418;76.9;39277.08388;95.5;65058.37731;94.6;85412.23035;69.6;22145.26606;87.2;31761.59441;72;24614.87346;80.8;32660.47536;96;63515.60308;88.7;49944.47021;95;106818.9171;93.6;33836.17563;67.6;22184.22793;70.5;52003.72007;61.7;36980.78848;1.4;413.7578947;85.7;35674.096;29.9;7133.02838;74.5;36623.69141;67.1;23343.7104;38.7;4323.35032;46.5;12281.70795;33.3;1224.002197;28.9;2878.968793;8.8;5049.299316;60.2;22230.62779;45;2530.120313;93.1;54220.3285;41.1;10377.58977;30.8;13860.95978;48.5;14261.84657;78.4;17067.03648;88.2;55291.47545;91.6;56579.50418;100;68043.5467;99.5;52834.29168;85.2;44700.13842;92.6;54776.76682;67.1;23343.7104;95;106818.9171;76.9;39277.08388;99;133230.6192;96;63515.60308;81.8;27634.61831;78.9;33493.22254;96.5;54950.28347;88.7;49944.47021;57.3;15853.20864;67.6;22184.22793;74.5;36623.69141;87.2;31761.59441;92.1;30264.00649;60.2;22230.62779;80.3;22710.26375;86.2;27786.00578;75.4;40905.80596;69.6;22145.26606;62.2;18244.41869;72;24614.87346;80.8;32660.47536
2024;18.6;14889.01855;18.1;8317.633999;82.3;84534.04078;43.6;13303.14815;91.1;31428.35478;81.3;23409.08452;88.2;29384.01896;89.7;33437.355;98.5;86785.43345;97.5;103998.1867;96.5;57117.48774;100;71026.48323;99.5;53149.76719;92.1;56103.73232;81.8;46103.08409;77.9;35326.76831;90.1;58268.87877;74;40385.3414;95.5;64603.98563;95;90674.06663;74.5;25103.56566;87.2;31823.30783;69.1;25992.67485;79.9;34301.03187;96;67520.4219;88.7;53246.36761;94.1;112894.9532;93.6;32487.0778;66.1;24050.43979;67.6;54176.68444;62.7;39343.71547;1.9;0;84.3;36238.63991;34.3;7283.849908;75.4;38674.29297;63.2;24626.14819;39.2;4717.290287;44.6;13679.2066;35.2;1186.716919;31.3;3161.700106;8.3;5190.16959;59.8;23292.32639;46.5;2694.737809;92.6;54340.34772;42.6;10310.54888;29.9;14185.78122;49.5;13969.78366;78.9;16709.8894;87.7;56614.56795;90.1;58268.87877;100;71026.48323;99.5;53149.76719;81.8;46103.08409;92.1;56103.73232;63.2;24626.14819;94.1;112894.9532;74;40385.3414;99;137781.6817;96;67520.4219;80.8;29292.2421;77.9;35326.76831;96.5;57117.48774;88.7;53246.36761;54.4;17596.01737;66.1;24050.43979;75.4;38674.29297;87.2;31823.30783;91.1;31428.35478;59.8;23292.32639;81.3;23409.08452;88.2;29384.01896;72.5;43898.57818;74.5;25103.56566;60.7;20080.20962;69.1;25992.67485;79.9;34301.03187
;;;;;;;;;;;;;;;;;;;;;;;;;;;;;;;;;;;;;;;;;;;;;;;;;;;;;;;;;;;;;;;;;;;;;;;;;;;;;;;;;;;;;;;;;;;;;;;;;;;;;;;;;;;;;;;;;;;;;;;;;;;;;;;;;;;;;;;;;;;;;;;;;;;;;;;;
;;;;;;;;;;;;;;;;;;;;;;;;;;;;;;;;;;;;;;;;;;;;;;;;;;;;;;;;;;;;;;;;;;;;;;;;;;;;;;;;;;;;;;;;;;;;;;;;;;;;;;;;;;;;;;;;;;;;;;;;;;;;;;;;;;;;;;;;;;;;;;;;;;;;;;;;
;;Glass ceiling;;;;;;;;;;;;;;;;;;;;;;;;;;;;;;;;;;;;;;;;;;;;;;;;;;;;;;;;;;;;;;;;;;;;;;;;;;;;;;;;;;;;;;;;;;;;;;;;;;;;;;;;;;;;;;;;;;;;;;;;;;;;;;;;;;;;;;;;;;;;;;;;;;;;;;
;;17000;0;;;;;;;;;;;;;;;;;;;;;;;;;;;;;;;;;;;;;;;;;;;;;;;;;;;;;;;;;;;;;;;;;;;;;;;;;;;;;;;;;;;;;;;;;;;;;;;;;;;;;;;;;;;;;;;;;;;;;;;;;;;;;;;;;;;;;;;;;;;;;;;;;;;;;
;;17000;50;;;;;;;;;;;;;;;;;;;;;;;;;;;;;;;;;;;;;;;;;;;;;;;;;;;;;;;;;;;;;;;;;;;;;;;;;;;;;;;;;;;;;;;;;;;;;;;;;;;;;;;;;;;;;;;;;;;;;;;;;;;;;;;;;;;;;;;;;;;;;;;;;;;;;